Timestamp,Meter_Value,Simulated_PV,Sum_of_Powers
"2022-05-23, 04:50:40",1138,2.841,1140.841
"2022-05-23, 04:50:40",3313,5.755,3318.755
"2022-05-23, 04:50:40",8558,5.94,8563.94
"2022-05-23, 04:50:40",5404,3.208,5407.208
"2022-05-23, 04:50:40",292,2.912,294.912
"2022-05-23, 04:50:40",6611,2.329,6613.329
"2022-05-23, 04:50:40",4099,4.347,4103.347
"2022-05-23, 04:50:40",4110,4.761,4114.761
"2022-05-23, 04:50:40",7708,1.746,7709.746
"2022-05-23, 04:50:41",5450,5.438,5455.438
"2022-05-23, 04:50:41",3162,4.236,3166.236
"2022-05-23, 04:50:41",3943,3.06,3946.06
"2022-05-23, 04:50:41",1584,7.699,1591.699
"2022-05-23, 04:50:41",3549,6.315,3555.315
"2022-05-23, 04:50:41",8121,5.592,8126.592
"2022-05-23, 04:50:41",217,0.939,217.939
"2022-05-23, 04:50:41",7815,5.252,7820.252
"2022-05-23, 04:50:41",6465,7.528,6472.528
"2022-05-23, 04:50:41",6533,1.224,6534.224
"2022-05-23, 04:50:41",3401,1.538,3402.538
"2022-05-23, 04:50:41",6197,7.95,6204.95
"2022-05-23, 04:50:41",7215,1.662,7216.662
"2022-05-23, 04:50:41",5453,2.689,5455.689
"2022-05-23, 04:50:41",8777,5.754,8782.754
"2022-05-23, 04:50:41",4301,0.871,4301.871
"2022-05-23, 04:50:42",8747,2.205,8749.205
"2022-05-23, 04:50:42",8429,4.071,8433.071
"2022-05-23, 04:50:42",1162,2.758,1164.758
"2022-05-23, 04:50:42",2862,2.334,2864.334
"2022-05-23, 04:50:42",7634,0.914,7634.914
"2022-05-23, 04:50:42",3599,8.003,3607.003
"2022-05-23, 04:50:42",1492,5.452,1497.452
"2022-05-23, 04:50:42",8095,5.296,8100.296
"2022-05-23, 04:50:42",6096,2.037,6098.037
"2022-05-23, 04:50:42",7831,4.843,7835.843
"2022-05-23, 04:50:42",3686,6.356,3692.356
"2022-05-23, 04:50:42",3532,8.535,3540.535
"2022-05-23, 04:50:42",1782,4.832,1786.832
"2022-05-23, 04:50:42",2528,3.296,2531.296
"2022-05-23, 04:50:42",3726,7.107,3733.107
"2022-05-23, 04:50:42",3094,8.534,3102.534
"2022-05-23, 04:50:43",6109,1.163,6110.163
"2022-05-23, 04:50:43",1636,2.42,1638.42
"2022-05-23, 04:50:43",3480,2.119,3482.119
"2022-05-23, 04:50:43",7318,4.289,7322.289
"2022-05-23, 04:50:43",1285,0.758,1285.758
"2022-05-23, 04:50:43",4252,8.331,4260.331
"2022-05-23, 04:50:43",5356,1.699,5357.699
"2022-05-23, 04:50:43",6653,8.683,6661.683
"2022-05-23, 04:50:43",2589,7.664,2596.664
"2022-05-23, 04:50:43",1555,5.274,1560.274
"2022-05-23, 04:50:43",5955,8.138,5963.138
"2022-05-23, 04:50:43",2722,7.881,2729.881
"2022-05-23, 04:50:43",7462,8.177,7470.177
"2022-05-23, 04:50:43",17,8.086,25.086
"2022-05-23, 04:50:43",4903,5.567,4908.567
"2022-05-23, 04:50:43",3505,7.446,3512.446
"2022-05-23, 04:50:44",6869,1.584,6870.584
"2022-05-23, 04:50:44",5053,5.021,5058.021
"2022-05-23, 04:50:44",6260,6.23,6266.23
"2022-05-23, 04:50:44",5245,3.797,5248.797
"2022-05-23, 04:50:44",6875,0.143,6875.143
"2022-05-23, 04:50:44",6687,6.325,6693.325
"2022-05-23, 04:50:44",7286,5.773,7291.773
"2022-05-23, 04:50:44",3172,0.341,3172.341
"2022-05-23, 04:50:44",4603,8.478,4611.478
"2022-05-23, 04:50:44",2814,1.299,2815.299
"2022-05-23, 04:50:44",6044,8.034,6052.034
"2022-05-23, 04:50:44",5419,0.787,5419.787
"2022-05-23, 04:50:44",1328,5.496,1333.496
"2022-05-23, 04:50:44",1653,0.645,1653.645
"2022-05-23, 04:50:44",8769,5.877,8774.877
"2022-05-23, 04:50:44",8554,8.688,8562.688
"2022-05-23, 04:50:45",4669,1.181,4670.181
"2022-05-23, 04:50:45",6493,5.596,6498.596
"2022-05-23, 04:50:45",4704,2.928,4706.928
"2022-05-23, 04:50:45",8709,2.654,8711.654
"2022-05-23, 04:50:45",1410,7.91,1417.91
"2022-05-23, 04:50:45",1792,2.775,1794.775
"2022-05-23, 04:50:45",1692,6.432,1698.432
"2022-05-23, 04:50:45",5255,1.197,5256.197
"2022-05-23, 04:50:45",8172,8.515,8180.515
"2022-05-23, 04:50:45",15,8.679,23.679000000000002
"2022-05-23, 04:50:45",866,2.634,868.634
"2022-05-23, 04:50:45",2821,7.608,2828.608
"2022-05-23, 04:50:45",2872,4.764,2876.764
"2022-05-23, 04:50:45",6782,3.702,6785.702
"2022-05-23, 04:50:45",2303,2.828,2305.828
"2022-05-23, 04:50:45",7157,0.955,7157.955
"2022-05-23, 04:50:46",2632,2.86,2634.86
"2022-05-23, 04:50:46",3902,1.225,3903.225
"2022-05-23, 04:50:46",8707,4.225,8711.225
"2022-05-23, 04:50:46",4046,6.914,4052.914
"2022-05-23, 04:50:46",3582,3.279,3585.279
"2022-05-23, 04:50:46",8073,0.245,8073.245
"2022-05-23, 04:50:46",3648,6.046,3654.046
"2022-05-23, 04:50:46",3553,0.94,3553.94
"2022-05-23, 04:50:46",2554,2.523,2556.523
"2022-05-23, 04:50:46",7869,1.274,7870.274
"2022-05-23, 04:50:46",5067,4.23,5071.23
"2022-05-23, 04:50:46",8174,6.681,8180.681
"2022-05-23, 04:50:46",4728,3.286,4731.286
"2022-05-23, 04:50:46",1522,4.729,1526.729
"2022-05-23, 04:50:46",2316,8.179,2324.179
"2022-05-23, 04:50:46",3824,0.876,3824.876
"2022-05-23, 04:50:47",269,8.694,277.694
"2022-05-23, 04:50:47",8785,0.753,8785.753
"2022-05-23, 04:50:47",4158,0.154,4158.154
"2022-05-23, 04:50:47",6370,3.939,6373.939
"2022-05-23, 04:50:47",4271,4.263,4275.263
"2022-05-23, 04:50:47",7420,8.671,7428.671
"2022-05-23, 04:50:47",2099,8.094,2107.094
"2022-05-23, 04:50:47",1814,6.574,1820.574
"2022-05-23, 04:50:47",579,4.686,583.686
"2022-05-23, 04:50:47",7539,0.313,7539.313
"2022-05-23, 04:50:47",6628,2.176,6630.176
"2022-05-23, 04:50:47",5978,3.775,5981.775
"2022-05-23, 04:50:47",4462,0.103,4462.103
"2022-05-23, 04:50:47",4362,6.748,4368.748
"2022-05-23, 04:50:47",8175,1.298,8176.298
"2022-05-23, 04:50:47",7215,2.977,7217.977
"2022-05-23, 04:50:48",6049,8.113,6057.113
"2022-05-23, 04:50:48",7756,7.056,7763.056
"2022-05-23, 04:50:48",7790,2.348,7792.348
"2022-05-23, 04:50:48",3948,1.943,3949.943
"2022-05-23, 04:50:48",887,5.614,892.614
"2022-05-23, 04:50:48",2280,4.561,2284.561
"2022-05-23, 04:50:48",4582,2.655,4584.655
"2022-05-23, 04:50:48",5373,5.378,5378.378
"2022-05-23, 04:50:48",2855,4.858,2859.858
"2022-05-23, 04:50:48",2225,8.653,2233.653
"2022-05-23, 04:50:48",5183,4.966,5187.966
"2022-05-23, 04:50:48",5819,5.055,5824.055
"2022-05-23, 04:50:48",6605,7.411,6612.411
"2022-05-23, 04:50:48",6002,1.69,6003.69
"2022-05-23, 04:50:48",1853,3.932,1856.932
"2022-05-23, 04:50:48",974,8.816,982.816
"2022-05-23, 04:50:49",3757,6.673,3763.673
"2022-05-23, 04:50:49",3767,4.074,3771.074
"2022-05-23, 04:50:49",8092,4.169,8096.169
"2022-05-23, 04:50:49",5971,4.679,5975.679
"2022-05-23, 04:50:49",807,4.703,811.703
"2022-05-23, 04:50:49",4723,3.775,4726.775
"2022-05-23, 04:50:49",4732,6.356,4738.356
"2022-05-23, 04:50:49",3689,0.29,3689.29
"2022-05-23, 04:50:49",2966,5.851,2971.851
"2022-05-23, 04:50:49",5412,3.181,5415.181
"2022-05-23, 04:50:49",1155,4.645,1159.645
"2022-05-23, 04:50:49",8830,5.371,8835.371
"2022-05-23, 04:50:49",1132,2.371,1134.371
"2022-05-23, 04:50:49",2055,4.92,2059.92
"2022-05-23, 04:50:49",6917,7.76,6924.76
"2022-05-23, 04:50:49",7538,1.302,7539.302
"2022-05-23, 04:50:50",5028,1.251,5029.251
"2022-05-23, 04:50:50",6211,2.386,6213.386
"2022-05-23, 04:50:50",836,1.848,837.848
"2022-05-23, 04:50:50",5746,6.6,5752.6
"2022-05-23, 04:50:50",3871,3.303,3874.303
"2022-05-23, 04:50:50",1543,0.645,1543.645
"2022-05-23, 04:50:50",1167,3.4,1170.4
"2022-05-23, 04:50:50",5316,7.434,5323.434
"2022-05-23, 04:50:50",8748,5.37,8753.37
"2022-05-23, 04:50:50",1,7.223,8.222999999999999
"2022-05-23, 04:50:50",7068,7.154,7075.154
"2022-05-23, 04:50:50",6427,5.212,6432.212
"2022-05-23, 04:50:50",7123,1.538,7124.538
"2022-05-23, 04:50:50",3893,8.169,3901.169
"2022-05-23, 04:50:50",2141,5.67,2146.67
"2022-05-23, 04:50:50",6027,8.043,6035.043
"2022-05-23, 04:50:51",2280,8.809,2288.809
"2022-05-23, 04:50:51",4364,7.25,4371.25
"2022-05-23, 04:50:51",4930,6.214,4936.214
"2022-05-23, 04:50:51",3929,6.497,3935.497
"2022-05-23, 04:50:51",1556,7.763,1563.763
"2022-05-23, 04:50:51",8757,5.132,8762.132
"2022-05-23, 04:50:51",6530,4.338,6534.338
"2022-05-23, 04:50:51",8799,7.675,8806.675
"2022-05-23, 04:50:51",1655,5.733,1660.733
"2022-05-23, 04:50:51",1910,3.235,1913.235
"2022-05-23, 04:50:51",3277,4.404,3281.404
"2022-05-23, 04:50:51",69,8.117,77.117
"2022-05-23, 04:50:51",1732,8.28,1740.28
"2022-05-23, 04:50:51",3667,2.961,3669.961
"2022-05-23, 04:50:51",4268,2.0,4270.0
"2022-05-23, 04:50:51",7459,4.838,7463.838
"2022-05-23, 04:50:52",5953,4.34,5957.34
"2022-05-23, 04:50:52",2391,5.82,2396.82
"2022-05-23, 04:50:52",7820,0.281,7820.281
"2022-05-23, 04:50:52",6826,6.651,6832.651
"2022-05-23, 04:50:52",6331,4.643,6335.643
"2022-05-23, 04:50:52",3142,4.078,3146.078
"2022-05-23, 04:50:52",4262,5.981,4267.981
"2022-05-23, 04:50:52",4185,2.089,4187.089
"2022-05-23, 04:50:52",554,3.521,557.521
"2022-05-23, 04:50:52",1195,8.032,1203.032
"2022-05-23, 04:50:52",17,0.219,17.219
"2022-05-23, 04:50:52",6979,2.782,6981.782
"2022-05-23, 04:50:52",7953,0.009,7953.009
"2022-05-23, 04:50:52",4623,0.043,4623.043
"2022-05-23, 04:50:52",3169,2.065,3171.065
"2022-05-23, 04:50:52",449,5.057,454.057
"2022-05-23, 04:50:53",870,6.78,876.78
"2022-05-23, 04:50:53",5378,0.241,5378.241
"2022-05-23, 04:50:53",3859,6.172,3865.172
"2022-05-23, 04:50:53",4503,0.269,4503.269
"2022-05-23, 04:50:53",1956,7.965,1963.965
"2022-05-23, 04:50:53",4644,8.776,4652.776
"2022-05-23, 04:50:53",8960,2.036,8962.036
"2022-05-23, 04:50:53",205,3.91,208.91
"2022-05-23, 04:50:53",5589,3.76,5592.76
"2022-05-23, 04:50:53",3433,1.072,3434.072
"2022-05-23, 04:50:53",7259,1.491,7260.491
"2022-05-23, 04:50:53",5864,2.075,5866.075
"2022-05-23, 04:50:53",381,3.0,384.0
"2022-05-23, 04:50:53",8103,3.738,8106.738
"2022-05-23, 04:50:53",2811,7.674,2818.674
"2022-05-23, 04:50:53",8299,3.778,8302.778
"2022-05-23, 04:50:54",2081,1.604,2082.604
"2022-05-23, 04:50:54",1553,2.508,1555.508
"2022-05-23, 04:50:54",3655,0.663,3655.663
"2022-05-23, 04:50:54",8264,2.788,8266.788
"2022-05-23, 04:50:54",2441,0.021,2441.021
"2022-05-23, 04:50:54",7294,1.49,7295.49
"2022-05-23, 04:50:54",6926,7.237,6933.237
"2022-05-23, 04:50:54",5358,6.196,5364.196
"2022-05-23, 04:50:54",3814,2.078,3816.078
"2022-05-23, 04:50:54",5510,7.973,5517.973
"2022-05-23, 04:50:54",7416,1.638,7417.638
"2022-05-23, 04:50:54",892,0.78,892.78
"2022-05-23, 04:50:54",3731,1.039,3732.039
"2022-05-23, 04:50:54",6642,5.445,6647.445
"2022-05-23, 04:50:54",3801,5.581,3806.581
"2022-05-23, 04:50:54",306,3.673,309.673
"2022-05-23, 04:50:55",1393,5.328,1398.328
"2022-05-23, 04:50:55",5309,3.181,5312.181
"2022-05-23, 04:50:55",2486,2.911,2488.911
"2022-05-23, 04:50:55",7078,5.269,7083.269
"2022-05-23, 04:50:55",5134,2.838,5136.838
"2022-05-23, 04:50:55",5694,7.393,5701.393
"2022-05-23, 04:50:55",8676,0.184,8676.184
"2022-05-23, 04:50:55",2258,6.89,2264.89
"2022-05-23, 04:50:55",882,5.073,887.073
"2022-05-23, 04:50:55",1947,3.891,1950.891
"2022-05-23, 04:50:55",4620,8.451,4628.451
"2022-05-23, 04:50:55",1986,4.117,1990.117
"2022-05-23, 04:50:55",6062,2.788,6064.788
"2022-05-23, 04:50:55",1675,4.199,1679.199
"2022-05-23, 04:50:55",6051,3.222,6054.222
"2022-05-23, 04:50:55",6338,3.354,6341.354
"2022-05-23, 04:50:56",4880,1.65,4881.65
"2022-05-23, 04:50:56",5579,7.6,5586.6
"2022-05-23, 04:50:56",5584,4.769,5588.769
"2022-05-23, 04:50:56",6500,0.545,6500.545
"2022-05-23, 04:50:56",7428,2.905,7430.905
"2022-05-23, 04:50:56",3115,3.505,3118.505
"2022-05-23, 04:50:56",4036,4.449,4040.449
"2022-05-23, 04:50:56",1011,1.175,1012.175
"2022-05-23, 04:50:56",3544,6.995,3550.995
"2022-05-23, 04:50:56",5500,1.604,5501.604
"2022-05-23, 04:50:56",939,4.636,943.636
"2022-05-23, 04:50:56",3315,8.85,3323.85
"2022-05-23, 04:50:56",5120,5.278,5125.278
"2022-05-23, 04:50:56",4491,0.315,4491.315
"2022-05-23, 04:50:56",3498,2.134,3500.134
"2022-05-23, 04:50:56",6471,4.282,6475.282
"2022-05-23, 04:50:57",6003,7.849,6010.849
"2022-05-23, 04:50:57",8265,7.347,8272.347
"2022-05-23, 04:50:57",3653,3.602,3656.602
"2022-05-23, 04:50:57",8488,7.397,8495.397
"2022-05-23, 04:50:57",1602,4.352,1606.352
"2022-05-23, 04:50:57",2465,1.329,2466.329
"2022-05-23, 04:50:57",497,1.539,498.539
"2022-05-23, 04:50:57",8538,4.229,8542.229
"2022-05-23, 04:50:57",1700,6.355,1706.355
"2022-05-23, 04:50:57",1321,5.754,1326.754
"2022-05-23, 04:50:57",6170,5.663,6175.663
"2022-05-23, 04:50:57",6336,1.067,6337.067
"2022-05-23, 04:50:57",6924,4.401,6928.401
"2022-05-23, 04:50:57",3365,7.938,3372.938
"2022-05-23, 04:50:57",1785,7.08,1792.08
"2022-05-23, 04:50:57",5512,7.866,5519.866
"2022-05-23, 04:50:58",5773,8.024,5781.024
"2022-05-23, 04:50:58",6285,4.78,6289.78
"2022-05-23, 04:50:58",6386,8.059,6394.059
"2022-05-23, 04:50:58",4099,7.734,4106.734
"2022-05-23, 04:50:58",8124,8.27,8132.27
"2022-05-23, 04:50:58",7957,1.853,7958.853
"2022-05-23, 04:50:58",621,8.14,629.14
"2022-05-23, 04:50:58",4194,0.885,4194.885
"2022-05-23, 04:50:58",4692,8.655,4700.655
"2022-05-23, 04:50:58",4735,0.198,4735.198
"2022-05-23, 04:50:58",2975,1.378,2976.378
"2022-05-23, 04:50:58",1695,4.212,1699.212
"2022-05-23, 04:50:58",7736,8.031,7744.031
"2022-05-23, 04:50:58",8290,8.729,8298.729
"2022-05-23, 04:50:58",5144,1.108,5145.108
"2022-05-23, 04:50:58",680,4.055,684.055
"2022-05-23, 04:50:59",1728,6.756,1734.756
"2022-05-23, 04:50:59",5943,7.519,5950.519
"2022-05-23, 04:50:59",3837,1.554,3838.554
"2022-05-23, 04:50:59",3338,7.807,3345.807
"2022-05-23, 04:50:59",7470,1.978,7471.978
"2022-05-23, 04:50:59",1060,6.578,1066.578
"2022-05-23, 04:50:59",7053,6.625,7059.625
"2022-05-23, 04:50:59",5088,1.641,5089.641
"2022-05-23, 04:50:59",5125,5.407,5130.407
"2022-05-23, 04:50:59",5926,1.201,5927.201
"2022-05-23, 04:50:59",6137,1.368,6138.368
"2022-05-23, 04:50:59",1128,5.824,1133.824
"2022-05-23, 04:50:59",6203,6.558,6209.558
"2022-05-23, 04:50:59",8385,3.61,8388.61
"2022-05-23, 04:50:59",1124,3.313,1127.313
"2022-05-23, 04:50:59",8051,1.583,8052.583
"2022-05-23, 04:51:00",4775,1.84,4776.84
"2022-05-23, 04:51:00",4720,3.97,4723.97
"2022-05-23, 04:51:00",1402,6.8,1408.8
"2022-05-23, 04:51:00",8163,3.218,8166.218
"2022-05-23, 04:51:00",449,3.371,452.371
"2022-05-23, 04:51:00",8585,7.533,8592.533
"2022-05-23, 04:51:00",3412,2.607,3414.607
"2022-05-23, 04:51:00",1835,2.029,1837.029
"2022-05-23, 04:51:00",6815,8.354,6823.354
"2022-05-23, 04:51:00",5462,7.676,5469.676
"2022-05-23, 04:51:00",1300,3.662,1303.662
"2022-05-23, 04:51:00",5100,8.864,5108.864
"2022-05-23, 04:51:00",3364,8.891,3372.891
"2022-05-23, 04:51:00",2094,5.841,2099.841
"2022-05-23, 04:51:00",8541,4.726,8545.726
"2022-05-23, 04:51:00",2968,4.075,2972.075
"2022-05-23, 04:51:01",5190,4.944,5194.944
"2022-05-23, 04:51:01",8820,4.704,8824.704
"2022-05-23, 04:51:01",1297,8.41,1305.41
"2022-05-23, 04:51:01",7755,2.48,7757.48
"2022-05-23, 04:51:01",99,5.162,104.162
"2022-05-23, 04:51:01",7024,6.412,7030.412
"2022-05-23, 04:51:01",2863,7.018,2870.018
"2022-05-23, 04:51:01",1788,3.946,1791.946
"2022-05-23, 04:51:01",4370,5.992,4375.992
"2022-05-23, 04:51:01",3268,7.763,3275.763
"2022-05-23, 04:51:01",7680,7.237,7687.237
"2022-05-23, 04:51:01",5490,3.964,5493.964
"2022-05-23, 04:51:01",6881,2.601,6883.601
"2022-05-23, 04:51:01",383,8.284,391.284
"2022-05-23, 04:51:01",3540,2.376,3542.376
"2022-05-23, 04:51:01",582,1.818,583.818
"2022-05-23, 04:51:02",365,3.108,368.108
"2022-05-23, 04:51:02",3699,7.778,3706.778
"2022-05-23, 04:51:02",5546,8.897,5554.897
"2022-05-23, 04:51:02",3396,1.94,3397.94
"2022-05-23, 04:51:02",2499,6.832,2505.832
"2022-05-23, 04:51:02",7262,2.091,7264.091
"2022-05-23, 04:51:02",4922,7.842,4929.842
"2022-05-23, 04:51:02",5455,3.622,5458.622
"2022-05-23, 04:51:02",789,3.744,792.744
"2022-05-23, 04:51:02",3606,6.792,3612.792
"2022-05-23, 04:51:02",4675,2.89,4677.89
"2022-05-23, 04:51:02",1610,0.435,1610.435
"2022-05-23, 04:51:02",3001,5.376,3006.376
"2022-05-23, 04:51:02",5261,7.766,5268.766
"2022-05-23, 04:51:02",1291,6.708,1297.708
"2022-05-23, 04:51:02",4805,4.315,4809.315
"2022-05-23, 04:51:03",2408,8.709,2416.709
"2022-05-23, 04:51:03",8153,0.939,8153.939
"2022-05-23, 04:51:03",8371,4.027,8375.027
"2022-05-23, 04:51:03",42,0.131,42.131
"2022-05-23, 04:51:03",4237,8.194,4245.194
"2022-05-23, 04:51:03",6675,8.89,6683.89
"2022-05-23, 04:51:03",4550,8.807,4558.807
"2022-05-23, 04:51:03",8513,6.913,8519.913
"2022-05-23, 04:51:03",8328,8.412,8336.412
"2022-05-23, 04:51:03",3316,1.759,3317.759
"2022-05-23, 04:51:03",1342,2.764,1344.764
"2022-05-23, 04:51:03",2143,1.986,2144.986
"2022-05-23, 04:51:03",8122,3.161,8125.161
"2022-05-23, 04:51:03",2361,0.55,2361.55
"2022-05-23, 04:51:03",4934,5.855,4939.855
"2022-05-23, 04:51:04",2715,6.966,2721.966
"2022-05-23, 04:51:04",1557,8.625,1565.625
"2022-05-23, 04:51:04",2440,5.691,2445.691
"2022-05-23, 04:51:04",561,0.206,561.206
"2022-05-23, 04:51:04",8146,5.807,8151.807
"2022-05-23, 04:51:04",282,6.424,288.424
"2022-05-23, 04:51:04",3182,1.735,3183.735
"2022-05-23, 04:51:04",6485,5.697,6490.697
"2022-05-23, 04:51:04",8788,7.05,8795.05
"2022-05-23, 04:51:04",6452,6.103,6458.103
"2022-05-23, 04:51:04",7603,1.92,7604.92
"2022-05-23, 04:51:04",2275,2.17,2277.17
"2022-05-23, 04:51:04",1428,3.709,1431.709
"2022-05-23, 04:51:04",778,6.304,784.304
"2022-05-23, 04:51:04",3318,4.256,3322.256
"2022-05-23, 04:51:04",3791,6.507,3797.507
"2022-05-23, 04:51:05",4485,1.435,4486.435
"2022-05-23, 04:51:05",2198,6.574,2204.574
"2022-05-23, 04:51:05",4900,1.93,4901.93
"2022-05-23, 04:51:05",6520,6.243,6526.243
"2022-05-23, 04:51:05",8777,5.044,8782.044
"2022-05-23, 04:51:05",857,8.071,865.071
"2022-05-23, 04:51:05",3298,1.594,3299.594
"2022-05-23, 04:51:05",8480,0.202,8480.202
"2022-05-23, 04:51:05",1652,2.98,1654.98
"2022-05-23, 04:51:05",7434,2.397,7436.397
"2022-05-23, 04:51:05",6117,5.489,6122.489
"2022-05-23, 04:51:05",3940,7.037,3947.037
"2022-05-23, 04:51:05",2610,7.022,2617.022
"2022-05-23, 04:51:05",7374,8.848,7382.848
"2022-05-23, 04:51:05",5815,0.049,5815.049
"2022-05-23, 04:51:05",1300,2.955,1302.955
"2022-05-23, 04:51:06",5896,5.875,5901.875
"2022-05-23, 04:51:06",2340,5.792,2345.792
"2022-05-23, 04:51:06",205,3.735,208.735
"2022-05-23, 04:51:06",2825,0.039,2825.039
"2022-05-23, 04:51:06",2177,7.723,2184.723
"2022-05-23, 04:51:06",5337,7.804,5344.804
"2022-05-23, 04:51:06",534,6.799,540.799
"2022-05-23, 04:51:06",6482,7.097,6489.097
"2022-05-23, 04:51:06",7973,0.023,7973.023
"2022-05-23, 04:51:06",370,5.473,375.473
"2022-05-23, 04:51:06",7096,5.54,7101.54
"2022-05-23, 04:51:06",4388,1.438,4389.438
"2022-05-23, 04:51:06",6110,8.306,6118.306
"2022-05-23, 04:51:06",5056,3.472,5059.472
"2022-05-23, 04:51:06",5184,2.955,5186.955
"2022-05-23, 04:51:06",1595,0.376,1595.376
"2022-05-23, 04:51:07",3330,4.886,3334.886
"2022-05-23, 04:51:07",5077,0.274,5077.274
"2022-05-23, 04:51:07",4864,1.756,4865.756
"2022-05-23, 04:51:07",4666,4.716,4670.716
"2022-05-23, 04:51:07",945,2.175,947.175
"2022-05-23, 04:51:07",7651,3.701,7654.701
"2022-05-23, 04:51:07",972,8.954,980.954
"2022-05-23, 04:51:07",2036,3.536,2039.536
"2022-05-23, 04:51:07",3346,1.801,3347.801
"2022-05-23, 04:51:07",8282,8.128,8290.128
"2022-05-23, 04:51:07",2403,1.179,2404.179
"2022-05-23, 04:51:07",4761,8.754,4769.754
"2022-05-23, 04:51:07",537,0.494,537.494
"2022-05-23, 04:51:07",6626,3.924,6629.924
"2022-05-23, 04:51:07",8982,4.482,8986.482
"2022-05-23, 04:51:07",1324,2.948,1326.948
"2022-05-23, 04:51:08",3925,0.22,3925.22
"2022-05-23, 04:51:08",7062,8.988,7070.988
"2022-05-23, 04:51:08",2931,0.01,2931.01
"2022-05-23, 04:51:08",1154,5.093,1159.093
"2022-05-23, 04:51:08",2189,0.297,2189.297
"2022-05-23, 04:51:08",1928,8.657,1936.657
"2022-05-23, 04:51:08",6437,8.816,6445.816
"2022-05-23, 04:51:08",1908,0.461,1908.461
"2022-05-23, 04:51:08",4403,2.053,4405.053
"2022-05-23, 04:51:08",394,7.515,401.515
"2022-05-23, 04:51:08",4056,3.876,4059.876
"2022-05-23, 04:51:08",2915,1.369,2916.369
"2022-05-23, 04:51:08",7759,7.767,7766.767
"2022-05-23, 04:51:08",1370,7.256,1377.256
"2022-05-23, 04:51:08",6468,3.754,6471.754
"2022-05-23, 04:51:08",3337,6.045,3343.045
"2022-05-23, 04:51:09",8914,2.587,8916.587
"2022-05-23, 04:51:09",789,0.788,789.788
"2022-05-23, 04:51:09",7593,2.312,7595.312
"2022-05-23, 04:51:09",2679,0.663,2679.663
"2022-05-23, 04:51:09",2598,8.054,2606.054
"2022-05-23, 04:51:09",2858,5.741,2863.741
"2022-05-23, 04:51:09",7296,0.662,7296.662
"2022-05-23, 04:51:09",1660,1.047,1661.047
"2022-05-23, 04:51:09",17,0.892,17.892
"2022-05-23, 04:51:09",3287,1.902,3288.902
"2022-05-23, 04:51:09",6988,6.248,6994.248
"2022-05-23, 04:51:09",8011,5.973,8016.973
"2022-05-23, 04:51:09",6551,2.308,6553.308
"2022-05-23, 04:51:09",7454,6.651,7460.651
"2022-05-23, 04:51:09",7417,0.982,7417.982
"2022-05-23, 04:51:09",5514,0.852,5514.852
"2022-05-23, 04:51:10",1905,6.684,1911.684
"2022-05-23, 04:51:10",616,1.568,617.568
"2022-05-23, 04:51:10",509,2.61,511.61
"2022-05-23, 04:51:10",906,6.905,912.905
"2022-05-23, 04:51:10",2652,8.018,2660.018
"2022-05-23, 04:51:10",5992,4.445,5996.445
"2022-05-23, 04:51:10",503,6.729,509.729
"2022-05-23, 04:51:10",1844,0.169,1844.169
"2022-05-23, 04:51:10",3696,6.535,3702.535
"2022-05-23, 04:51:10",5458,1.698,5459.698
"2022-05-23, 04:51:10",178,7.916,185.916
"2022-05-23, 04:51:10",1711,2.348,1713.348
"2022-05-23, 04:51:10",6824,3.613,6827.613
"2022-05-23, 04:51:10",7766,2.87,7768.87
"2022-05-23, 04:51:10",896,0.592,896.592
"2022-05-23, 04:51:10",8124,5.901,8129.901
"2022-05-23, 04:51:11",3286,5.799,3291.799
"2022-05-23, 04:51:11",2,3.27,5.27
"2022-05-23, 04:51:11",1702,7.694,1709.694
"2022-05-23, 04:51:11",4951,6.179,4957.179
"2022-05-23, 04:51:11",7988,5.569,7993.569
"2022-05-23, 04:51:11",5742,3.984,5745.984
"2022-05-23, 04:51:11",4764,6.322,4770.322
"2022-05-23, 04:51:11",8712,6.104,8718.104
"2022-05-23, 04:51:11",6623,0.78,6623.78
"2022-05-23, 04:51:11",6730,0.83,6730.83
"2022-05-23, 04:51:11",8253,1.307,8254.307
"2022-05-23, 04:51:11",8772,2.567,8774.567
"2022-05-23, 04:51:11",2144,0.936,2144.936
"2022-05-23, 04:51:11",3512,3.557,3515.557
"2022-05-23, 04:51:11",6352,2.898,6354.898
"2022-05-23, 04:51:11",4819,6.627,4825.627
"2022-05-23, 04:51:12",4945,5.615,4950.615
"2022-05-23, 04:51:12",6252,7.921,6259.921
"2022-05-23, 04:51:12",4992,0.941,4992.941
"2022-05-23, 04:51:12",4083,5.724,4088.724
"2022-05-23, 04:51:12",7182,2.066,7184.066
"2022-05-23, 04:51:12",6245,1.389,6246.389
"2022-05-23, 04:51:12",8522,6.445,8528.445
"2022-05-23, 04:51:12",3259,6.163,3265.163
"2022-05-23, 04:51:12",3423,3.306,3426.306
"2022-05-23, 04:51:12",7245,7.996,7252.996
"2022-05-23, 04:51:12",121,2.155,123.155
"2022-05-23, 04:51:12",383,8.678,391.678
"2022-05-23, 04:51:12",8214,3.195,8217.195
"2022-05-23, 04:51:12",5968,8.412,5976.412
"2022-05-23, 04:51:12",4797,7.899,4804.899
"2022-05-23, 04:51:12",3877,2.274,3879.274
"2022-05-23, 04:51:13",1353,0.82,1353.82
"2022-05-23, 04:51:13",7935,3.164,7938.164
"2022-05-23, 04:51:13",8857,5.198,8862.198
"2022-05-23, 04:51:13",5990,8.859,5998.859
"2022-05-23, 04:51:13",4245,5.503,4250.503
"2022-05-23, 04:51:13",5058,2.938,5060.938
"2022-05-23, 04:51:13",5261,7.001,5268.001
"2022-05-23, 04:51:13",4019,7.743,4026.743
"2022-05-23, 04:51:13",2738,4.314,2742.314
"2022-05-23, 04:51:13",93,6.688,99.688
"2022-05-23, 04:51:13",66,3.407,69.407
"2022-05-23, 04:51:13",5010,7.193,5017.193
"2022-05-23, 04:51:13",3883,7.255,3890.255
"2022-05-23, 04:51:13",2977,7.71,2984.71
"2022-05-23, 04:51:13",138,8.705,146.705
"2022-05-23, 04:51:13",1067,3.415,1070.415
"2022-05-23, 04:51:14",4065,0.862,4065.862
"2022-05-23, 04:51:14",6678,4.317,6682.317
"2022-05-23, 04:51:14",7651,5.275,7656.275
"2022-05-23, 04:51:14",2355,6.116,2361.116
"2022-05-23, 04:51:14",8661,7.466,8668.466
"2022-05-23, 04:51:14",4918,6.787,4924.787
"2022-05-23, 04:51:14",6303,8.127,6311.127
"2022-05-23, 04:51:14",2475,7.267,2482.267
"2022-05-23, 04:51:14",6351,6.504,6357.504
"2022-05-23, 04:51:14",5643,5.155,5648.155
"2022-05-23, 04:51:14",4129,0.516,4129.516
"2022-05-23, 04:51:14",1265,1.819,1266.819
"2022-05-23, 04:51:14",8205,0.919,8205.919
"2022-05-23, 04:51:14",5364,6.882,5370.882
"2022-05-23, 04:51:14",7021,3.611,7024.611
"2022-05-23, 04:51:15",7071,4.301,7075.301
"2022-05-23, 04:51:15",8530,3.098,8533.098
"2022-05-23, 04:51:15",7051,7.943,7058.943
"2022-05-23, 04:51:15",7679,7.722,7686.722
"2022-05-23, 04:51:15",4273,3.891,4276.891
"2022-05-23, 04:51:15",3939,6.982,3945.982
"2022-05-23, 04:51:15",7918,1.64,7919.64
"2022-05-23, 04:51:15",998,6.991,1004.991
"2022-05-23, 04:51:15",5455,2.124,5457.124
"2022-05-23, 04:51:15",8484,0.934,8484.934
"2022-05-23, 04:51:15",6451,4.245,6455.245
"2022-05-23, 04:51:15",3750,7.316,3757.316
"2022-05-23, 04:51:15",2806,3.872,2809.872
"2022-05-23, 04:51:15",762,2.584,764.584
"2022-05-23, 04:51:15",2556,0.698,2556.698
"2022-05-23, 04:51:15",4966,3.012,4969.012
"2022-05-23, 04:51:16",2152,2.959,2154.959
"2022-05-23, 04:51:16",2514,0.734,2514.734
"2022-05-23, 04:51:16",4998,2.487,5000.487
"2022-05-23, 04:51:16",2351,6.674,2357.674
"2022-05-23, 04:51:16",5284,4.969,5288.969
"2022-05-23, 04:51:16",8660,2.59,8662.59
"2022-05-23, 04:51:16",3659,0.928,3659.928
"2022-05-23, 04:51:16",904,4.637,908.637
"2022-05-23, 04:51:16",2361,8.221,2369.221
"2022-05-23, 04:51:16",6599,4.211,6603.211
"2022-05-23, 04:51:16",7894,2.275,7896.275
"2022-05-23, 04:51:16",4163,4.699,4167.699
"2022-05-23, 04:51:16",3685,8.764,3693.764
"2022-05-23, 04:51:16",358,8.36,366.36
"2022-05-23, 04:51:16",17,4.969,21.969
"2022-05-23, 04:51:16",3635,4.027,3639.027
"2022-05-23, 04:51:17",8017,5.967,8022.967
"2022-05-23, 04:51:17",5732,8.068,5740.068
"2022-05-23, 04:51:17",456,5.034,461.034
"2022-05-23, 04:51:17",7139,4.124,7143.124
"2022-05-23, 04:51:17",1530,4.034,1534.034
"2022-05-23, 04:51:17",7379,4.841,7383.841
"2022-05-23, 04:51:17",3090,8.091,3098.091
"2022-05-23, 04:51:17",1300,1.056,1301.056
"2022-05-23, 04:51:17",4893,8.787,4901.787
"2022-05-23, 04:51:17",1708,1.624,1709.624
"2022-05-23, 04:51:17",6471,3.069,6474.069
"2022-05-23, 04:51:17",6892,3.632,6895.632
"2022-05-23, 04:51:17",1887,3.635,1890.635
"2022-05-23, 04:51:17",1470,7.502,1477.502
"2022-05-23, 04:51:17",3301,4.773,3305.773
"2022-05-23, 04:51:17",7187,0.753,7187.753
"2022-05-23, 04:51:17",7672,2.529,7674.529
"2022-05-23, 04:51:18",6302,5.352,6307.352
"2022-05-23, 04:51:18",6212,4.448,6216.448
"2022-05-23, 04:51:18",3155,7.67,3162.67
"2022-05-23, 04:51:18",6917,3.006,6920.006
"2022-05-23, 04:51:18",3232,5.865,3237.865
"2022-05-23, 04:51:18",5904,8.1,5912.1
"2022-05-23, 04:51:18",8942,4.243,8946.243
"2022-05-23, 04:51:18",4663,2.822,4665.822
"2022-05-23, 04:51:18",7892,3.022,7895.022
"2022-05-23, 04:51:18",2780,2.838,2782.838
"2022-05-23, 04:51:18",4540,3.144,4543.144
"2022-05-23, 04:51:18",7916,0.771,7916.771
"2022-05-23, 04:51:18",3319,1.547,3320.547
"2022-05-23, 04:51:18",5646,6.425,5652.425
"2022-05-23, 04:51:18",465,0.123,465.123
"2022-05-23, 04:51:19",6307,8.542,6315.542
"2022-05-23, 04:51:19",8546,7.923,8553.923
"2022-05-23, 04:51:19",1651,0.008,1651.008
"2022-05-23, 04:51:19",1331,8.663,1339.663
"2022-05-23, 04:51:19",280,8.526,288.526
"2022-05-23, 04:51:19",5866,1.82,5867.82
"2022-05-23, 04:51:19",182,8.303,190.303
"2022-05-23, 04:51:19",6704,8.036,6712.036
"2022-05-23, 04:51:19",7684,4.329,7688.329
"2022-05-23, 04:51:19",5097,1.113,5098.113
"2022-05-23, 04:51:19",1258,4.522,1262.522
"2022-05-23, 04:51:19",6723,8.492,6731.492
"2022-05-23, 04:51:19",2012,5.242,2017.242
"2022-05-23, 04:51:19",726,7.246,733.246
"2022-05-23, 04:51:19",2434,5.485,2439.485
"2022-05-23, 04:51:19",6291,2.045,6293.045
"2022-05-23, 04:51:20",6076,5.795,6081.795
"2022-05-23, 04:51:20",5599,0.957,5599.957
"2022-05-23, 04:51:20",7320,0.305,7320.305
"2022-05-23, 04:51:20",2199,3.31,2202.31
"2022-05-23, 04:51:20",1631,1.721,1632.721
"2022-05-23, 04:51:20",2173,4.017,2177.017
"2022-05-23, 04:51:20",5064,2.041,5066.041
"2022-05-23, 04:51:20",5966,0.172,5966.172
"2022-05-23, 04:51:20",1872,2.334,1874.334
"2022-05-23, 04:51:20",8098,6.657,8104.657
"2022-05-23, 04:51:20",15,0.112,15.112
"2022-05-23, 04:51:20",8129,4.7,8133.7
"2022-05-23, 04:51:20",693,4.992,697.992
"2022-05-23, 04:51:20",5766,7.571,5773.571
"2022-05-23, 04:51:20",8392,0.023,8392.023
"2022-05-23, 04:51:20",4336,0.27,4336.27
"2022-05-23, 04:51:21",8614,7.147,8621.147
"2022-05-23, 04:51:21",2638,3.979,2641.979
"2022-05-23, 04:51:21",3710,6.674,3716.674
"2022-05-23, 04:51:21",6239,0.417,6239.417
"2022-05-23, 04:51:21",488,8.028,496.028
"2022-05-23, 04:51:21",1281,6.443,1287.443
"2022-05-23, 04:51:21",5171,6.728,5177.728
"2022-05-23, 04:51:21",6567,0.217,6567.217
"2022-05-23, 04:51:21",8356,6.614,8362.614
"2022-05-23, 04:51:21",5516,7.477,5523.477
"2022-05-23, 04:51:21",4153,6.82,4159.82
"2022-05-23, 04:51:21",2293,7.501,2300.501
"2022-05-23, 04:51:21",4627,5.833,4632.833
"2022-05-23, 04:51:21",6459,3.612,6462.612
"2022-05-23, 04:51:21",2667,0.854,2667.854
"2022-05-23, 04:51:21",7529,6.498,7535.498
"2022-05-23, 04:51:22",6319,1.025,6320.025
"2022-05-23, 04:51:22",8387,3.829,8390.829
"2022-05-23, 04:51:22",422,6.478,428.478
"2022-05-23, 04:51:22",5782,5.687,5787.687
"2022-05-23, 04:51:22",8871,2.626,8873.626
"2022-05-23, 04:51:22",3780,1.164,3781.164
"2022-05-23, 04:51:22",1938,8.247,1946.247
"2022-05-23, 04:51:22",5629,7.802,5636.802
"2022-05-23, 04:51:22",836,0.91,836.91
"2022-05-23, 04:51:22",8282,2.671,8284.671
"2022-05-23, 04:51:22",3533,8.38,3541.38
"2022-05-23, 04:51:22",187,0.711,187.711
"2022-05-23, 04:51:22",5918,2.479,5920.479
"2022-05-23, 04:51:22",8914,6.78,8920.78
"2022-05-23, 04:51:22",5598,6.971,5604.971
"2022-05-23, 04:51:22",2808,0.802,2808.802
"2022-05-23, 04:51:23",1194,8.742,1202.742
"2022-05-23, 04:51:23",1013,6.987,1019.987
"2022-05-23, 04:51:23",2281,8.004,2289.004
"2022-05-23, 04:51:23",2723,0.351,2723.351
"2022-05-23, 04:51:23",4753,2.476,4755.476
"2022-05-23, 04:51:23",406,6.688,412.688
"2022-05-23, 04:51:23",8485,5.951,8490.951
"2022-05-23, 04:51:23",5007,0.689,5007.689
"2022-05-23, 04:51:23",5425,8.141,5433.141
"2022-05-23, 04:51:23",3958,3.785,3961.785
"2022-05-23, 04:51:23",6174,7.434,6181.434
"2022-05-23, 04:51:23",3062,8.718,3070.718
"2022-05-23, 04:51:23",815,5.758,820.758
"2022-05-23, 04:51:23",8383,4.13,8387.13
"2022-05-23, 04:51:23",2044,3.824,2047.824
"2022-05-23, 04:51:23",3155,0.422,3155.422
"2022-05-23, 04:51:23",8173,2.154,8175.154
"2022-05-23, 04:51:24",3079,0.709,3079.709
"2022-05-23, 04:51:24",8222,3.325,8225.325
"2022-05-23, 04:51:24",8082,1.643,8083.643
"2022-05-23, 04:51:24",2684,1.851,2685.851
"2022-05-23, 04:51:24",2581,6.737,2587.737
"2022-05-23, 04:51:24",5411,8.457,5419.457
"2022-05-23, 04:51:24",1121,2.609,1123.609
"2022-05-23, 04:51:24",8780,1.774,8781.774
"2022-05-23, 04:51:24",8517,8.82,8525.82
"2022-05-23, 04:51:24",8785,4.411,8789.411
"2022-05-23, 04:51:24",4491,1.986,4492.986
"2022-05-23, 04:51:24",4115,1.903,4116.903
"2022-05-23, 04:51:24",6245,3.239,6248.239
"2022-05-23, 04:51:24",3054,7.774,3061.774
"2022-05-23, 04:51:24",736,8.269,744.269
"2022-05-23, 04:51:25",5766,3.832,5769.832
"2022-05-23, 04:51:25",471,6.038,477.038
"2022-05-23, 04:51:25",363,7.706,370.706
"2022-05-23, 04:51:25",2779,6.041,2785.041
"2022-05-23, 04:51:25",7806,3.805,7809.805
"2022-05-23, 04:51:25",33,7.527,40.527
"2022-05-23, 04:51:25",2989,3.975,2992.975
"2022-05-23, 04:51:25",1220,7.57,1227.57
"2022-05-23, 04:51:25",324,1.04,325.04
"2022-05-23, 04:51:25",899,7.287,906.287
"2022-05-23, 04:51:25",8813,6.586,8819.586
"2022-05-23, 04:51:25",2111,3.308,2114.308
"2022-05-23, 04:51:25",7396,3.066,7399.066
"2022-05-23, 04:51:25",2002,2.527,2004.527
"2022-05-23, 04:51:25",4876,6.105,4882.105
"2022-05-23, 04:51:25",4977,0.964,4977.964
"2022-05-23, 04:51:26",6963,6.741,6969.741
"2022-05-23, 04:51:26",2845,4.071,2849.071
"2022-05-23, 04:51:26",3720,2.551,3722.551
"2022-05-23, 04:51:26",72,4.129,76.129
"2022-05-23, 04:51:26",7019,0.942,7019.942
"2022-05-23, 04:51:26",3447,8.693,3455.693
"2022-05-23, 04:51:26",2204,2.73,2206.73
"2022-05-23, 04:51:26",1817,7.888,1824.888
"2022-05-23, 04:51:26",5874,6.427,5880.427
"2022-05-23, 04:51:26",4177,4.491,4181.491
"2022-05-23, 04:51:26",6242,2.805,6244.805
"2022-05-23, 04:51:26",6714,1.319,6715.319
"2022-05-23, 04:51:26",3051,6.579,3057.579
"2022-05-23, 04:51:26",1807,5.341,1812.341
"2022-05-23, 04:51:26",3783,2.693,3785.693
"2022-05-23, 04:51:26",2923,2.017,2925.017
"2022-05-23, 04:51:26",5218,7.767,5225.767
"2022-05-23, 04:51:27",8777,3.663,8780.663
"2022-05-23, 04:51:27",7440,7.988,7447.988
"2022-05-23, 04:51:27",353,1.256,354.256
"2022-05-23, 04:51:27",2915,3.494,2918.494
"2022-05-23, 04:51:27",558,8.845,566.845
"2022-05-23, 04:51:27",3258,5.872,3263.872
"2022-05-23, 04:51:27",8286,5.56,8291.56
"2022-05-23, 04:51:27",6915,4.908,6919.908
"2022-05-23, 04:51:27",7968,3.099,7971.099
"2022-05-23, 04:51:27",4522,1.76,4523.76
"2022-05-23, 04:51:27",8333,1.991,8334.991
"2022-05-23, 04:51:27",8394,1.552,8395.552
"2022-05-23, 04:51:27",5935,2.561,5937.561
"2022-05-23, 04:51:27",649,2.502,651.502
"2022-05-23, 04:51:27",1394,3.524,1397.524
"2022-05-23, 04:51:27",3879,4.542,3883.542
"2022-05-23, 04:51:28",2436,7.05,2443.05
"2022-05-23, 04:51:28",2678,4.034,2682.034
"2022-05-23, 04:51:28",1301,8.618,1309.618
"2022-05-23, 04:51:28",3733,3.572,3736.572
"2022-05-23, 04:51:28",4583,8.008,4591.008
"2022-05-23, 04:51:28",4091,1.073,4092.073
"2022-05-23, 04:51:28",4519,8.178,4527.178
"2022-05-23, 04:51:28",4766,5.096,4771.096
"2022-05-23, 04:51:28",2258,5.759,2263.759
"2022-05-23, 04:51:28",7696,5.576,7701.576
"2022-05-23, 04:51:28",3618,2.578,3620.578
"2022-05-23, 04:51:28",3887,4.946,3891.946
"2022-05-23, 04:51:28",2932,0.409,2932.409
"2022-05-23, 04:51:28",41,3.703,44.703
"2022-05-23, 04:51:28",2909,5.983,2914.983
"2022-05-23, 04:51:28",1518,4.929,1522.929
"2022-05-23, 04:51:29",1410,7.01,1417.01
"2022-05-23, 04:51:29",8338,2.319,8340.319
"2022-05-23, 04:51:29",833,4.258,837.258
"2022-05-23, 04:51:29",2826,1.109,2827.109
"2022-05-23, 04:51:29",6712,6.21,6718.21
"2022-05-23, 04:51:29",4659,5.975,4664.975
"2022-05-23, 04:51:29",2238,7.973,2245.973
"2022-05-23, 04:51:29",6524,3.808,6527.808
"2022-05-23, 04:51:29",8686,1.424,8687.424
"2022-05-23, 04:51:29",5710,4.48,5714.48
"2022-05-23, 04:51:29",6299,7.186,6306.186
"2022-05-23, 04:51:29",2655,7.303,2662.303
"2022-05-23, 04:51:29",6130,1.701,6131.701
"2022-05-23, 04:51:29",343,4.269,347.269
"2022-05-23, 04:51:29",662,1.386,663.386
"2022-05-23, 04:51:29",7195,6.168,7201.168
"2022-05-23, 04:51:30",1888,0.231,1888.231
"2022-05-23, 04:51:30",2493,7.68,2500.68
"2022-05-23, 04:51:30",5869,8.902,5877.902
"2022-05-23, 04:51:30",6709,1.877,6710.877
"2022-05-23, 04:51:30",8634,8.917,8642.917
"2022-05-23, 04:51:30",6549,4.119,6553.119
"2022-05-23, 04:51:30",2893,8.519,2901.519
"2022-05-23, 04:51:30",4139,5.44,4144.44
"2022-05-23, 04:51:30",2963,4.579,2967.579
"2022-05-23, 04:51:30",2286,3.211,2289.211
"2022-05-23, 04:51:30",7497,6.315,7503.315
"2022-05-23, 04:51:30",6179,3.199,6182.199
"2022-05-23, 04:51:30",100,7.844,107.844
"2022-05-23, 04:51:30",8918,4.409,8922.409
"2022-05-23, 04:51:30",2433,2.912,2435.912
"2022-05-23, 04:51:30",720,3.483,723.483
"2022-05-23, 04:51:31",1403,3.185,1406.185
"2022-05-23, 04:51:31",3786,8.238,3794.238
"2022-05-23, 04:51:31",5382,4.52,5386.52
"2022-05-23, 04:51:31",3451,2.883,3453.883
"2022-05-23, 04:51:31",2133,8.942,2141.942
"2022-05-23, 04:51:31",329,2.787,331.787
"2022-05-23, 04:51:31",5507,1.86,5508.86
"2022-05-23, 04:51:31",7617,2.659,7619.659
"2022-05-23, 04:51:31",5138,2.488,5140.488
"2022-05-23, 04:51:31",1801,8.273,1809.273
"2022-05-23, 04:51:31",982,3.265,985.265
"2022-05-23, 04:51:31",7874,2.846,7876.846
"2022-05-23, 04:51:31",7577,7.872,7584.872
"2022-05-23, 04:51:31",7672,7.874,7679.874
"2022-05-23, 04:51:31",3188,0.94,3188.94
"2022-05-23, 04:51:32",6763,5.396,6768.396
"2022-05-23, 04:51:32",4001,7.439,4008.439
"2022-05-23, 04:51:32",1038,1.25,1039.25
"2022-05-23, 04:51:32",316,3.872,319.872
"2022-05-23, 04:51:32",4980,0.555,4980.555
"2022-05-23, 04:51:32",5205,5.419,5210.419
"2022-05-23, 04:51:32",8943,6.517,8949.517
"2022-05-23, 04:51:32",5041,2.092,5043.092
"2022-05-23, 04:51:32",6905,6.546,6911.546
"2022-05-23, 04:51:32",3754,0.995,3754.995
"2022-05-23, 04:51:32",4028,6.12,4034.12
"2022-05-23, 04:51:32",5296,2.608,5298.608
"2022-05-23, 04:51:32",4321,2.966,4323.966
"2022-05-23, 04:51:32",5449,5.097,5454.097
"2022-05-23, 04:51:32",2225,3.077,2228.077
"2022-05-23, 04:51:32",6626,3.73,6629.73
"2022-05-23, 04:51:33",51,5.723,56.723
"2022-05-23, 04:51:33",3562,4.68,3566.68
"2022-05-23, 04:51:33",507,7.303,514.303
"2022-05-23, 04:51:33",866,4.635,870.635
"2022-05-23, 04:51:33",5773,5.568,5778.568
"2022-05-23, 04:51:33",7258,6.862,7264.862
"2022-05-23, 04:51:33",6030,5.144,6035.144
"2022-05-23, 04:51:33",3253,2.921,3255.921
"2022-05-23, 04:51:33",1816,3.626,1819.626
"2022-05-23, 04:51:33",3704,6.67,3710.67
"2022-05-23, 04:51:33",6611,2.756,6613.756
"2022-05-23, 04:51:33",3781,7.466,3788.466
"2022-05-23, 04:51:33",3790,5.951,3795.951
"2022-05-23, 04:51:33",4684,4.133,4688.133
"2022-05-23, 04:51:33",4761,8.517,4769.517
"2022-05-23, 04:51:33",1306,3.938,1309.938
"2022-05-23, 04:51:34",8788,0.107,8788.107
"2022-05-23, 04:51:34",3618,1.274,3619.274
"2022-05-23, 04:51:34",264,7.726,271.726
"2022-05-23, 04:51:34",5187,7.981,5194.981
"2022-05-23, 04:51:34",8609,0.353,8609.353
"2022-05-23, 04:51:34",5203,4.966,5207.966
"2022-05-23, 04:51:34",4071,2.823,4073.823
"2022-05-23, 04:51:34",1608,0.946,1608.946
"2022-05-23, 04:51:34",2747,1.76,2748.76
"2022-05-23, 04:51:34",3600,1.474,3601.474
"2022-05-23, 04:51:34",2554,4.882,2558.882
"2022-05-23, 04:51:34",8652,5.021,8657.021
"2022-05-23, 04:51:34",7061,4.209,7065.209
"2022-05-23, 04:51:34",7635,8.858,7643.858
"2022-05-23, 04:51:34",5580,6.659,5586.659
"2022-05-23, 04:51:34",6180,3.785,6183.785
"2022-05-23, 04:51:35",2155,4.703,2159.703
"2022-05-23, 04:51:35",8785,1.521,8786.521
"2022-05-23, 04:51:35",8216,8.233,8224.233
"2022-05-23, 04:51:35",4822,2.523,4824.523
"2022-05-23, 04:51:35",4771,1.57,4772.57
"2022-05-23, 04:51:35",3750,6.434,3756.434
"2022-05-23, 04:51:35",1979,5.208,1984.208
"2022-05-23, 04:51:35",787,5.308,792.308
"2022-05-23, 04:51:35",6830,4.75,6834.75
"2022-05-23, 04:51:35",2727,4.095,2731.095
"2022-05-23, 04:51:35",5973,1.13,5974.13
"2022-05-23, 04:51:35",7981,4.912,7985.912
"2022-05-23, 04:51:35",3790,4.977,3794.977
"2022-05-23, 04:51:35",905,1.383,906.383
"2022-05-23, 04:51:35",1784,1.168,1785.168
"2022-05-23, 04:51:36",3633,1.268,3634.268
"2022-05-23, 04:51:36",6658,1.539,6659.539
"2022-05-23, 04:51:36",3846,1.566,3847.566
"2022-05-23, 04:51:36",1935,0.053,1935.053
"2022-05-23, 04:51:36",2138,2.692,2140.692
"2022-05-23, 04:51:36",2668,4.566,2672.566
"2022-05-23, 04:51:36",5057,0.633,5057.633
"2022-05-23, 04:51:36",5610,8.68,5618.68
"2022-05-23, 04:51:36",725,7.379,732.379
"2022-05-23, 04:51:36",2143,8.358,2151.358
"2022-05-23, 04:51:36",3463,4.111,3467.111
"2022-05-23, 04:51:36",3109,7.457,3116.457
"2022-05-23, 04:51:36",3566,4.85,3570.85
"2022-05-23, 04:51:36",7610,2.745,7612.745
"2022-05-23, 04:51:36",6189,8.695,6197.695
"2022-05-23, 04:51:36",2588,4.063,2592.063
"2022-05-23, 04:51:36",7518,3.242,7521.242
"2022-05-23, 04:51:37",644,1.609,645.609
"2022-05-23, 04:51:37",8776,3.973,8779.973
"2022-05-23, 04:51:37",7373,6.767,7379.767
"2022-05-23, 04:51:37",5280,5.334,5285.334
"2022-05-23, 04:51:37",1719,3.346,1722.346
"2022-05-23, 04:51:37",174,4.158,178.158
"2022-05-23, 04:51:37",4837,3.834,4840.834
"2022-05-23, 04:51:37",8688,7.582,8695.582
"2022-05-23, 04:51:37",5670,8.593,5678.593
"2022-05-23, 04:51:37",5482,1.654,5483.654
"2022-05-23, 04:51:37",6573,5.787,6578.787
"2022-05-23, 04:51:37",1288,1.371,1289.371
"2022-05-23, 04:51:37",5574,1.967,5575.967
"2022-05-23, 04:51:37",2819,3.387,2822.387
"2022-05-23, 04:51:37",3034,6.338,3040.338
"2022-05-23, 04:51:38",6993,3.025,6996.025
"2022-05-23, 04:51:38",8761,4.436,8765.436
"2022-05-23, 04:51:38",169,1.703,170.703
"2022-05-23, 04:51:38",429,1.945,430.945
"2022-05-23, 04:51:38",2075,1.63,2076.63
"2022-05-23, 04:51:38",2274,5.713,2279.713
"2022-05-23, 04:51:38",5433,1.372,5434.372
"2022-05-23, 04:51:38",902,6.06,908.06
"2022-05-23, 04:51:38",4672,3.393,4675.393
"2022-05-23, 04:51:38",6629,3.015,6632.015
"2022-05-23, 04:51:38",2655,8.126,2663.126
"2022-05-23, 04:51:38",6837,8.16,6845.16
"2022-05-23, 04:51:38",4800,4.581,4804.581
"2022-05-23, 04:51:38",3839,6.311,3845.311
"2022-05-23, 04:51:38",4308,8.799,4316.799
"2022-05-23, 04:51:38",6052,3.964,6055.964
"2022-05-23, 04:51:39",1901,8.559,1909.559
"2022-05-23, 04:51:39",6585,2.311,6587.311
"2022-05-23, 04:51:39",8580,4.083,8584.083
"2022-05-23, 04:51:39",3237,7.737,3244.737
"2022-05-23, 04:51:39",5024,5.762,5029.762
"2022-05-23, 04:51:39",2771,2.676,2773.676
"2022-05-23, 04:51:39",5418,7.558,5425.558
"2022-05-23, 04:51:39",6138,8.316,6146.316
"2022-05-23, 04:51:39",8508,1.196,8509.196
"2022-05-23, 04:51:39",396,5.615,401.615
"2022-05-23, 04:51:39",6038,1.77,6039.77
"2022-05-23, 04:51:39",5919,8.617,5927.617
"2022-05-23, 04:51:39",6539,4.124,6543.124
"2022-05-23, 04:51:39",6691,2.408,6693.408
"2022-05-23, 04:51:39",7058,2.837,7060.837
"2022-05-23, 04:51:39",386,6.425,392.425
"2022-05-23, 04:51:40",3822,2.527,3824.527
"2022-05-23, 04:51:40",5571,5.8,5576.8
"2022-05-23, 04:51:40",104,4.529,108.529
"2022-05-23, 04:51:40",26,8.266,34.266
"2022-05-23, 04:51:40",3966,3.255,3969.255
"2022-05-23, 04:51:40",6016,3.751,6019.751
"2022-05-23, 04:51:40",853,5.304,858.304
"2022-05-23, 04:51:40",8685,3.527,8688.527
"2022-05-23, 04:51:40",3344,8.14,3352.14
"2022-05-23, 04:51:40",7056,4.699,7060.699
"2022-05-23, 04:51:40",4882,6.81,4888.81
"2022-05-23, 04:51:40",1641,7.487,1648.487
"2022-05-23, 04:51:40",620,7.503,627.503
"2022-05-23, 04:51:40",465,8.874,473.874
"2022-05-23, 04:51:40",819,8.537,827.537
"2022-05-23, 04:51:40",983,5.23,988.23
"2022-05-23, 04:51:40",8378,3.436,8381.436
"2022-05-23, 04:51:41",3046,3.398,3049.398
"2022-05-23, 04:51:41",6081,7.298,6088.298
"2022-05-23, 04:51:41",3751,8.921,3759.921
"2022-05-23, 04:51:41",5596,4.973,5600.973
"2022-05-23, 04:51:41",1467,2.776,1469.776
"2022-05-23, 04:51:41",1234,5.325,1239.325
"2022-05-23, 04:51:41",4872,7.299,4879.299
"2022-05-23, 04:51:41",8593,1.825,8594.825
"2022-05-23, 04:51:41",8300,4.883,8304.883
"2022-05-23, 04:51:41",8785,8.908,8793.908
"2022-05-23, 04:51:41",212,3.234,215.234
"2022-05-23, 04:51:41",4380,2.23,4382.23
"2022-05-23, 04:51:41",1236,6.553,1242.553
"2022-05-23, 04:51:41",1531,2.292,1533.292
"2022-05-23, 04:51:41",6145,2.262,6147.262
"2022-05-23, 04:51:42",8942,5.69,8947.69
"2022-05-23, 04:51:42",2330,1.182,2331.182
"2022-05-23, 04:51:42",7978,3.576,7981.576
"2022-05-23, 04:51:42",2855,6.802,2861.802
"2022-05-23, 04:51:42",7109,4.562,7113.562
"2022-05-23, 04:51:42",444,3.748,447.748
"2022-05-23, 04:51:42",3229,0.251,3229.251
"2022-05-23, 04:51:42",920,5.296,925.296
"2022-05-23, 04:51:42",3212,7.522,3219.522
"2022-05-23, 04:51:42",3874,0.761,3874.761
"2022-05-23, 04:51:42",951,2.883,953.883
"2022-05-23, 04:51:42",202,8.328,210.328
"2022-05-23, 04:51:42",1324,7.78,1331.78
"2022-05-23, 04:51:42",4780,4.035,4784.035
"2022-05-23, 04:51:42",1045,0.696,1045.696
"2022-05-23, 04:51:42",2145,4.564,2149.564
"2022-05-23, 04:51:42",6133,0.139,6133.139
"2022-05-23, 04:51:43",2228,2.293,2230.293
